supplier_sap_name;Supplier_ID;Main_Point_of _Contact;Main_HACAT;Responsible_Buyer;Preferred_for_HACAT;available_for_gpe_code;Preferred_for_COUNTRY
ALS LLC;2330387;s.sergienko@awatera.com;CS5004;Yaremenko Natalia;CS2013 - STRATEGIC WORKFORCE PLANNING, OTHER HR PROJECTS,CS5036 - TRANSLATION,CS5004 - OFFICE PRODUCTS;RU;RU-RUSSIA
Medcon Translation Agency LLC;2291631;info@medconsult.ru;CS5036;Yaremenko Natalia;CS5036 - TRANSLATION;RU;RU-RUSSIA,BY-BELARUS
Kelly Services C-I-ES LLC;2024974;a.naumova@kellyservices.ru;CS2022;Fridrikh Maria;CS2022 - MANAGED SERVICES & ALL PMO (EXCLUDING CAPEX, DIGITAL AND R&D), USING STANDARD EBUY PROCESS,CS6006 - OUTSOURCED / SHARED SERVICES,CS2018 - COMPENSATION STUDIES & EMPLOYEE BENEFIT PLANS,CS4004 - APPLICATIONS - IT RECURRING SERVICES,CS2015 - RECRUITMENT & ASSESSMENT,CS2016 - OUTPLACEMENT;RU;RU-RUSSIA
Aeroclub Tour LLC;2061245;osipova@aeroclub-tour.ru;MK2003;Mikhailina Tatiana;MK2001 - EXTERNAL EVENTS - TECHNICAL PRODUCTION,MK2003 - EXTERNAL EVENTS - LOGISTIC AGENCY COSTS,MK2007 - EXTERNAL EVENTS - TRAVEL & GROUND TRANSPORTATION,MK2008 - EXTERNAL EVENTS - DIGITAL PROVIDERS,MK2009 - INTERNAL EVENTS - TECHNICAL PRODUCTION,MK2010 - INTERNAL EVENTS - LOGISTIC AGENCY COSTS,MK2011 - INTERNAL EVENTS - TRAVEL & GROUND TRANSPORTATION,MK2012 - INTERNAL EVENTS - HOTEL COSTS & CATERING,MK2013 - INTERNAL EVENTS - DIGITAL PROVIDERS,MK2014 - EXTERNAL EVENTS - HOTEL COSTS & CATERING;RU;RU-RUSSIA
Marken LLC;2284122;ilya.kurdyumov@marken.com;RD1050;Pakalo Grigroriy;RD1050 - CLINICAL TRIAL DISTRIBUTION,RD1033 - CLINICAL ANCILLARY SUPPLIES AND DEVICES;RU;RU-RUSSIA
JSC DSM Group;2045351;akazenova@continent.ru;MK2003;Mikhailina Tatiana;MK2003 - EXTERNAL EVENTS - LOGISTIC AGENCY COSTS,MK2009 - INTERNAL EVENTS - TECHNICAL PRODUCTION,MK2010 - INTERNAL EVENTS - LOGISTIC AGENCY COSTS,MK2008 - EXTERNAL EVENTS - DIGITAL PROVIDERS,MK2007 - EXTERNAL EVENTS - TRAVEL & GROUND TRANSPORTATION,MK2011 - INTERNAL EVENTS - TRAVEL & GROUND TRANSPORTATION,MK2012 - INTERNAL EVENTS - HOTEL COSTS & CATERING,MK2013 - INTERNAL EVENTS - DIGITAL PROVIDERS,MK2014 - EXTERNAL EVENTS - HOTEL COSTS & CATERING,MK2001 - EXTERNAL EVENTS - TECHNICAL PRODUCTION,CS2008 - INDIVIDUAL HOTEL AND OTHER LODGINGS;RU;RU-RUSSIA
Asatiani Alisa Zurabovna;2323267;;;;[];RU;[]
PatisS LLC;2216839;korkina_e@patiss.ru;MK1013;Mikhailina Tatiana;MK1012 - CREATIVE AGENCIES SERVICES (STRATEGY, CREATION AND ORIGINATION FOR TRADITIONAL AND DIGITAL),MK1013 - DIGITAL MARKETING SERVICES,MK1014 - PRODUCTION AND ADAPTATION FOR TRADITIONAL (TV, RADIO, OOH, PRINT AND DIGITAL);RU;RU-RUSSIA
LTD ABC Pharmalogistics;2295663;cto@gepha.com;RD1050;Pakalo Grigroriy;RD1049 - COMPARATOR,RD1050 - CLINICAL TRIAL DISTRIBUTION,RD1033 - CLINICAL ANCILLARY SUPPLIES AND DEVICES;RU;RU-RUSSIA
MedZnania LLC;2061557;;;;[];RU;[]
Medcon LLC;2300203;;;;[];RU;[]
Association of International Pharma;2302574;;;;[];RU;[]
Society of Pediatric Dermatologists;2320001;;;;[];RU;[]
Kemistry Creative LLC;2301727;smoykina@kemistry.ru;MK1013;Mikhailina Tatiana;MK1013 - DIGITAL MARKETING SERVICES,MK1012 - CREATIVE AGENCIES SERVICES (STRATEGY, CREATION AND ORIGINATION FOR TRADITIONAL AND DIGITAL),MK1014 - PRODUCTION AND ADAPTATION FOR TRADITIONAL (TV, RADIO, OOH, PRINT AND DIGITAL),CS5033 - SCIENTIFIC - SUBSCRIPTION, DATABASES, E-CONTENT, BOOKS AND GENERAL DOCS;RU;RU-RUSSIA
Onpoint LLC;2322621;a.mareeva@onpoint.ru;MK1013;Mikhailina Tatiana;MK1012 - CREATIVE AGENCIES SERVICES (STRATEGY, CREATION AND ORIGINATION FOR TRADITIONAL AND DIGITAL),MK1013 - DIGITAL MARKETING SERVICES,MK1014 - PRODUCTION AND ADAPTATION FOR TRADITIONAL (TV, RADIO, OOH, PRINT AND DIGITAL);BY,RU;RU-RUSSIA
OOO Komus;2331385;bak07@komus.net;CS5004;Yaremenko Natalia;CS5004 - OFFICE PRODUCTS,CS5030 - INTEGRATED FACILITY MANAGEMENT;RU;RU-RUSSIA
Vivanti Ltd.;2301019;anastasiya.arakelyan@vivanti.eu;MK1013;Mikhailina Tatiana;MK1012 - CREATIVE AGENCIES SERVICES (STRATEGY, CREATION AND ORIGINATION FOR TRADITIONAL AND DIGITAL),MK1013 - DIGITAL MARKETING SERVICES,MK1014 - PRODUCTION AND ADAPTATION FOR TRADITIONAL (TV, RADIO, OOH, PRINT AND DIGITAL);RU;RU-RUSSIA
Loyalty Group LLC;2320695;;MK1015;Mikhailina Tatiana;MK1015 - COMMUNICATION AGENCIES PUBLIC RELATIONS AND PUBLIC AFFAIRS SERVICES,MK1012 - CREATIVE AGENCIES SERVICES (STRATEGY, CREATION AND ORIGINATION FOR TRADITIONAL AND DIGITAL);RU;RU-RUSSIA
COFACTOR LLC;2308840;el@cofactor.ru;MK1013;Mikhailina Tatiana;MK1013 - DIGITAL MARKETING SERVICES,MK1012 - CREATIVE AGENCIES SERVICES (STRATEGY, CREATION AND ORIGINATION FOR TRADITIONAL AND DIGITAL),MK1014 - PRODUCTION AND ADAPTATION FOR TRADITIONAL (TV, RADIO, OOH, PRINT AND DIGITAL);RU;RU-RUSSIA
Corex LLC;2283621;maxim.zvezdarev@corex-depot.com;CD5003;Pakalo Grigroriy;CD5010 - EXTERNAL WAREHOUSE STORAGE,RD1035 - REGULATORY PRODUCT LIFE MAINTENANCE,RD1050 - CLINICAL TRIAL DISTRIBUTION,CD5003 - DOMESTIC TRANSPORTATION,CD5002 - SUBCONTRACTED DISTRIBUTION SERVICES FOR FINISHED GOODS,CD4005 - QUALITY CONTROL SERVICES,RD2002 - LAB REAGENTS,RD2022 - LABORATORY CONSUMABLES,CS2006 - INDIVIDUAL GROUND TRANSPORTATION (TAXI, CAR RENTAL),RD1033 - CLINICAL ANCILLARY SUPPLIES AND DEVICES,RD1049 - COMPARATOR;RU;RU-RUSSIA
Vector-Logistics LLC;2320186;alon@vector-logistics.ru;RD1050;Pakalo Grigroriy;CD5008 - CUSTOM BROKERAGE FEES (FREIGHT),RD1050 - CLINICAL TRIAL DISTRIBUTION;RU;RU-RUSSIA
Learning Services LLC;2331933;nib@services-hr.ru;CS2014;Fridrikh Maria;CS2013 - STRATEGIC WORKFORCE PLANNING, OTHER HR PROJECTS,CS2014 - LEARNING DESIGN, ADMINISTRATION & FACILITATION,CS2018 - COMPENSATION STUDIES & EMPLOYEE BENEFIT PLANS;RU;RU-RUSSIA
RIM Ltd.;2311935;;;;[];RU;[]
FRAMINGHAM B V;2119037;evelien.enter@framingham.nl;MK5005;Mikhailina Tatiana;MK4004 - SCIENTIFIC PUBLICATIONS PRINTING AND THEIR REPRINT;BE,DK,RU,SE;SE-SWEDEN
LLC Center for the Organization of Business Commons;2282465;;;;[];RU;[]
RCO Professional Association;2309621;;;;[];RU;[]
RCO Scientific and Practical Cardiologists;2319693;;;;[];RU;[]
RBO Outpatient Doctor;2316226;;;;[];RU;[]
Advertising Media Ltd.;2276721;;;;[];RU;[]
World Courier LLC;2149257;olga.raskourajeva@worldcourier.ru;RD1050;Pakalo Grigroriy;RD1050 - CLINICAL TRIAL DISTRIBUTION;RU;RU-RUSSIA
Center of Business Technologies LLC;2313362;olesya.kolokolnikova@onlinecbt.ru;MK1013;Mikhailina Tatiana;MK5005 - MEDICAL COMMUNICATION,MK1013 - DIGITAL MARKETING SERVICES;RU;RU-RUSSIA
Non-profit organization Soyuz;2255370;;;;[];RU;[]
InfoMedPharmDialog;2047795;;;;[];RU;[]
LLC Russian Cardiology;2052406;;;;[];RU;[]
NRRO Association of Doctors of Privolzhsky;2319385;;;;[];RU;[]
Farmbroker LLC;2330744;;;Pakalo Grigroriy;RD1035 - REGULATORY PRODUCT LIFE MAINTENANCE,RD1038 - EPIDEMIOLOGY,RD1034 - REGULATORY SERVICES OPERATIONS,CS6006 - OUTSOURCED / SHARED SERVICES;RU;RU-RUSSIA
LLC RETAIL SERVICES;2332119;;MK3001;Mikhailina Tatiana;MK3001 - MARKET RESEARCH SECONDARY (MARKET DATA AND SYNDICATED REPORTS);RU;RU-RUSSIA
LLC MEDICINE XXI CENTURY;2323268;;;;[];RU;[]
Speakergud Ltd.;2316580;;;;[];RU;[]
JSC MSCH Neftyanik;2026338;avasilenko@skbkontur.ru;CS4004;Sviridova Irina;CS4004 - APPLICATIONS - IT RECURRING SERVICES,CS4005 - APPLICATIONS - IT SERVICES FOR PROJECTS,CS4002 - SOFTWARE ON PREMISE,CS4015 - SOFTWARE AS A SERVICE (SAAS);RU;RU-RUSSIA
LLC Decision;2332116;arthur.klepikov@radare.ru;MK4003;Mikhailina Tatiana;MK4003 - PRINTED PROMOTIONAL MATERIAL,CS5004 - OFFICE PRODUCTS,MK4001 - NON-PRINTED PROMOTIONAL & EDUCATION ITEMS;RU;RU-RUSSIA
Ipsos Comcon LLC;2149265;nadezhda.alexeeva@ipsos.com;MK3002;Mikhailina Tatiana;MK3001 - MARKET RESEARCH SECONDARY (MARKET DATA AND SYNDICATED REPORTS),MK3002 - MARKET RESEARCH PRIMARY (AD HOC STUDIES);RU;RU-RUSSIA,FR-FRANCE
Sodexo EuroAsia LLC;2294654;Julia.SHIKUNOVA@ifcmgroup.ru;CS5030;Yaremenko Natalia;CS5035 - RECORD MANAGEMENT SERVICES,CD5011 - EXPRESS MAIL (DOMESTIC AND INTERNATIONAL),CS5025 - BUILDING MAINTENANCE FOR TERTIARY SITES,CS5030 - INTEGRATED FACILITY MANAGEMENT,CS5038 - LANDSCAPE SERVICES,CS5040 - SECURITY SYSTEMS AND EQUIPMENT,CS5004 - OFFICE PRODUCTS,CS5008 - SECURITY MANNED GUARDING AND RECEPTION SERVICES,CS5006 - ALL CLEANING SERVICES AND NON GMP CLEANING CONSUMABLES,CS5005 - INTERNAL FOOD SERVICES;RU;RU-RUSSIA
IP Yeshchenko Natalya Gennadievna;2320862;yeshenko-natalia@yandex.ru;CS2014;Fridrikh Maria;CS2014 - LEARNING DESIGN, ADMINISTRATION & FACILITATION;RU;RU-RUSSIA
BusinessStandart LLC;2310185;;;;[];RU;[]
UFK in g. Moscow (FSI SID and NP l/s;2278206;;;;[];RU;[]
Ecoweist Group LLC;2306128;ecowaste2@gmail.com;CD5002;Pakalo Grigroriy;MC3009 - WASTE MANAGEMENT,CD5002 - SUBCONTRACTED DISTRIBUTION SERVICES FOR FINISHED GOODS;RU;RU-RUSSIA
Pro-Security LLC;2281155;i.molkov@rauc-mail.ru;CS2014;Fridrikh Maria;CS2014 - LEARNING DESIGN, ADMINISTRATION & FACILITATION;RU;RU-RUSSIA
Ignesko Ltd.;2269445;;;;[];RU;[]
Association of Pediatric Neuroologists Kaza;2326141;;;;[];RU;[]
Smok Travel Plus LLC;2328708;e.ahremchik@smoktravel.com;MK2003;Mikhailina Tatiana;MK2013 - INTERNAL EVENTS - DIGITAL PROVIDERS,MK2009 - INTERNAL EVENTS - TECHNICAL PRODUCTION,MK2007 - EXTERNAL EVENTS - TRAVEL & GROUND TRANSPORTATION,MK2008 - EXTERNAL EVENTS - DIGITAL PROVIDERS,MK2011 - INTERNAL EVENTS - TRAVEL & GROUND TRANSPORTATION,MK2001 - EXTERNAL EVENTS - TECHNICAL PRODUCTION,CS2009 - TRAVEL AGENCY,MK2014 - EXTERNAL EVENTS - HOTEL COSTS & CATERING,MK2010 - INTERNAL EVENTS - LOGISTIC AGENCY COSTS,MK2012 - INTERNAL EVENTS - HOTEL COSTS & CATERING,MK2003 - EXTERNAL EVENTS - LOGISTIC AGENCY COSTS,CS2008 - INDIVIDUAL HOTEL AND OTHER LODGINGS;BY,RU;RU-RUSSIA,BY-BELARUS
Mellennium Ltd. E.M.C.;2301471;wp1@mltravel.ru;CS2009;Fridrikh Maria;CS2009 - TRAVEL AGENCY;RU;RU-RUSSIA
Mindbox LLC;2295637;veremeeva@mindbox.ru;CS4015;Sviridova Irina;CS4004 - APPLICATIONS - IT RECURRING SERVICES,CS4002 - SOFTWARE ON PREMISE;RU;RU-RUSSIA
Delta Origin LLC;2233034;oae@deltaorigin.com;RD2002;Pakalo Grigroriy;RD2002 - LAB REAGENTS,RD2008 - SIMPLE LAB EQUIPMENT,RD2007 - LAB EQUIPMENT MAINTENANCE,RD2022 - LABORATORY CONSUMABLES,RD2009 - COMPLEX LAB EQUIPMENT;RU;RU-RUSSIA
LLC TD Himmed;2024954;yazenko@chimmed.ru;RD2002;Pakalo Grigroriy;RD2022 - LABORATORY CONSUMABLES,RD2002 - LAB REAGENTS,RD2008 - SIMPLE LAB EQUIPMENT,RD2009 - COMPLEX LAB EQUIPMENT;RU;RU-RUSSIA
LLC Russian Scientific Medical;2230475;;;;[];RU;[]
Safari Club LLC;2287777;;;;[];RU;[]
Premium Expo LLC;2284505;;;;[];RU;[]
Connect LLC;2329218;;CS5042;Yaremenko Natalia;[];RU;[]
Prima Loko LLC;2325747;;;;[];RU;[]
Media Norma LLC;2310992;;;;[];BY,RU;[]
POLYFORUM GROUP LLC;2323074;;;;[];RU;[]
Ayseo Ltd.;2318191;e.levushkina@iseo.ru;MK1017;Mikhailina Tatiana;MK1013 - DIGITAL MARKETING SERVICES,MK1017 - MEDIA BUY ONLINE/DIGITAL;RU;RU-RUSSIA
Sainz LLC;2327507;sofia.fedorova@appscience.ru;RD2002;Pakalo Grigroriy;RD2022 - LABORATORY CONSUMABLES,RD2002 - LAB REAGENTS,RD2008 - SIMPLE LAB EQUIPMENT;RU;RU-RUSSIA
UAB Intercity Service;2024961;j.ryabushenko@kmp.ru;MK2003;Mikhailina Tatiana;MK2011 - INTERNAL EVENTS - TRAVEL & GROUND TRANSPORTATION,MK2001 - EXTERNAL EVENTS - TECHNICAL PRODUCTION,MK2003 - EXTERNAL EVENTS - LOGISTIC AGENCY COSTS,MK2007 - EXTERNAL EVENTS - TRAVEL & GROUND TRANSPORTATION,MK2008 - EXTERNAL EVENTS - DIGITAL PROVIDERS,MK2009 - INTERNAL EVENTS - TECHNICAL PRODUCTION,MK2010 - INTERNAL EVENTS - LOGISTIC AGENCY COSTS,MK2012 - INTERNAL EVENTS - HOTEL COSTS & CATERING,MK2013 - INTERNAL EVENTS - DIGITAL PROVIDERS,MK2014 - EXTERNAL EVENTS - HOTEL COSTS & CATERING;RU;RU-RUSSIA
Aseeva Galina Vladimirovna;2273262;;;;[];RU;[]
All-Russian Public Org;2231367;;;;[];RU;[]
Postscriptum Ltd.;2148013;agl@post-scriptum.ru;MK1013;Mikhailina Tatiana;MK1012 - CREATIVE AGENCIES SERVICES (STRATEGY, CREATION AND ORIGINATION FOR TRADITIONAL AND DIGITAL),MK1013 - DIGITAL MARKETING SERVICES,MK1014 - PRODUCTION AND ADAPTATION FOR TRADITIONAL (TV, RADIO, OOH, PRINT AND DIGITAL);RU;RU-RUSSIA
Financial Chain Corporation;2317752;elekishvili@f-chain.com;CS6006;Fridrikh Maria;CS6006 - OUTSOURCED / SHARED SERVICES,MK2014 - EXTERNAL EVENTS - HOTEL COSTS & CATERING,RD1034 - REGULATORY SERVICES OPERATIONS,MK1012 - CREATIVE AGENCIES SERVICES (STRATEGY, CREATION AND ORIGINATION FOR TRADITIONAL AND DIGITAL),CS2022 - MANAGED SERVICES & ALL PMO (EXCLUDING CAPEX, DIGITAL AND R&D), USING STANDARD EBUY PROCESS,CS5024 - REAL ESTATE LEASE,CS5036 - TRANSLATION,CS5004 - OFFICE PRODUCTS;RU;RU-RUSSIA,KZ-KAZAKHSTAN,GE-GEORGIA
Tema Co.;2057615;;;;[];RU;[]
Financial Chain Corporation;2317657;baku@f-chain.com;CS6006;Fridrikh Maria;RD1035 - REGULATORY PRODUCT LIFE MAINTENANCE,CS5024 - REAL ESTATE LEASE,CS5036 - TRANSLATION,CS6006 - OUTSOURCED / SHARED SERVICES,CS5004 - OFFICE PRODUCTS;RU;RU-RUSSIA,KZ-KAZAKHSTAN,AZ-AZERBAIJAN
VISTA FOREIGN BUSINESS SUPPORT LLC;2249485;lserova@vfbs.ru;CS2009;Fridrikh Maria;CS2009 - TRAVEL AGENCY;RU;RU-RUSSIA,BY-BELARUS
Interregional Public Org;2072473;;;;[];RU;[]
IP Sidorov Maxim Novich;2063491;maxim.n.sidorov@yandex.ru;CS5036;Yaremenko Natalia;CS5036 - TRANSLATION;RU;RU-RUSSIA
Mays Partner LLC;2245694;;;;[];RU;[]
Non-profit organization Associate;2327184;;;;[];RU;[]
Aslamova Sofya Aleksandrovna;2327564;;MK3001;Mikhailina Tatiana;[];RU;[]
Dominanta-Service LLC;2303077;stolin.igor@dominanta-logic.ru;CD5002;Pakalo Grigroriy;CD5002 - SUBCONTRACTED DISTRIBUTION SERVICES FOR FINISHED GOODS;RU;RU-RUSSIA
NES LLC;2294495;;;;[];RU;[]
Asryan Grigoriy Melikovich;2292800;;;;[];RU;[]
European Information LLC;2312936;skuratova.o@euro-point.ru;CD5002;Pakalo Grigroriy;CD5002 - SUBCONTRACTED DISTRIBUTION SERVICES FOR FINISHED GOODS;RU;RU-RUSSIA
OOO Altiora Forte, RB;2279408;afonenko@altiora.by;MK4003;Mikhailina Tatiana;MK4003 - PRINTED PROMOTIONAL MATERIAL;BY,RU;BY-BELARUS
BLAGO-Media LLC;2292833;;;;[];RU;[]
Orange Circle LLC;2026960;;;;[];RU;[]
SPbOO Man and his health;2298727;;;;[];RU;[]
LLC Pole.ru;2326455;shepotinenko.m@romir.ru;;;MK3001 - MARKET RESEARCH SECONDARY (MARKET DATA AND SYNDICATED REPORTS);RU;RU-RUSSIA
SOYUZ-PROJECT LLC;2282405;;;;[];RU;[]
Education Assistance Center LLC;2328912;;;;[];RU;[]
ANO OMK;2329625;;;;[];RU;[]
Ernst & Young LLC;2102854;alexandra.brezhneva@ru.ey.com;CS6004;Yaremenko Natalia;CS6004 - COMPLIANCE AND FISCAL CONSULTING SERVICES;RU;RU-RUSSIA
Anikina Natalia;2323380;;;;[];RU;[]
Mediapact Ltd.;2234106;;MK1013;Mikhailina Tatiana;MK1012 - CREATIVE AGENCIES SERVICES (STRATEGY, CREATION AND ORIGINATION FOR TRADITIONAL AND DIGITAL),MK1013 - DIGITAL MARKETING SERVICES,MK1014 - PRODUCTION AND ADAPTATION FOR TRADITIONAL (TV, RADIO, OOH, PRINT AND DIGITAL);RU;RU-RUSSIA
Asribabayan Nora;2229604;;;;[];RU;[]
ООО МЕДПРОСВЕТ;2333675;;;;[];RU;[]
Anisimova Liliya;2312220;;;;[];RU;[]
OPTIMUM MEDIA LIMITED, Moscow;2326264;Maria.Khizhina@group-omd.com;MK1005;Mikhailina Tatiana;MK1005 - MEDIA BUYING AGENCY, MEDIA CONSULTANCY & MEDIA AUDIT FEES,MK1006 - MEDIA BUY TV,MK1017 - MEDIA BUY ONLINE/DIGITAL,MK1018 - MEDIA BUY PRINT & CONSUMER PROMOTIONS;RU;RU-RUSSIA
Association of national Scientific Community;2329500;;;;[];RU;[]
CHILDREN WITH DISABILITIES, SUGAR PATIENTS;2319862;;;;[];RU;[]
Nipro PharmaPackaging Germany;2303615;;CD3010;Levin Sergey;CD3010 - SYRINGES;RU;RU-RUSSIA
JSC ABDI Company Kostanay;2057631;e.rukhlova@aston-health.com;RD1041;Pakalo Grigroriy;RD1041 - CENTRAL LABS & BIOREPOSITORIES,MK3001 - MARKET RESEARCH SECONDARY (MARKET DATA AND SYNDICATED REPORTS),MK3011 - PATIENTS, PHYSICIANS & PAYERS DATA (FOR COMMERCIAL & MEDICAL),MK3002 - MARKET RESEARCH PRIMARY (AD HOC STUDIES),MK6003 - MARKET ACCESS, PRICING & HEALTH ECONOMICS;RU;RU-RUSSIA
UFK in g. Moscow (MGSC;2193995;labnbo@ya.ru;;;RD1030 - MARKETED PRODUCT LAB DIAGNOSTICS;RU;RU-RUSSIA
Deloitte Consulting LLC;2293960;lfabiyanskaya@delret.ru;CS2018;Fridrikh Maria;CS2018 - COMPENSATION STUDIES & EMPLOYEE BENEFIT PLANS,CS2017 - DOMESTIC & INTERNATIONAL EMPLOYEE RELOCATION SERVICES;RU;RU-RUSSIA
Pharma-Periscope LLC;2329675;;MK3001;Mikhailina Tatiana;MK3001 - MARKET RESEARCH SECONDARY (MARKET DATA AND SYNDICATED REPORTS);RU;RU-RUSSIA
ANO DPO UC Russian Register-Baltiysk;2200991;;;;[];RU;[]
Regional Public Organization;2111264;;;;[];RU;[]
Medcongress LLC;2323476;;;;[];RU;[]
Trialogue Ltd.;2319364;;;;[];RU;[]
RUSMEDIAAL EVENT LLC;2312228;;;;[];RU;[]
Upjet Travel Group LLC;2304981;o.goryaynova@upjet.com;MK2003;Mikhailina Tatiana;MK2001 - EXTERNAL EVENTS - TECHNICAL PRODUCTION,MK2003 - EXTERNAL EVENTS - LOGISTIC AGENCY COSTS,MK2007 - EXTERNAL EVENTS - TRAVEL & GROUND TRANSPORTATION,MK2008 - EXTERNAL EVENTS - DIGITAL PROVIDERS,MK2009 - INTERNAL EVENTS - TECHNICAL PRODUCTION,MK2010 - INTERNAL EVENTS - LOGISTIC AGENCY COSTS,MK2011 - INTERNAL EVENTS - TRAVEL & GROUND TRANSPORTATION,MK2012 - INTERNAL EVENTS - HOTEL COSTS & CATERING,MK2013 - INTERNAL EVENTS - DIGITAL PROVIDERS,MK2014 - EXTERNAL EVENTS - HOTEL COSTS & CATERING;RU;RU-RUSSIA
Sensitech- EMEA;2112052;znahulyak@sensitech.com;CD5009;Pakalo Grigroriy;CD5009 - SUPPLY CHAIN & DISTRIBUTION DEVICES;RU;RU-RUSSIA
PROTEK Implementation Center JSC;2045831;;;;[];RU;[]
Digital Video Production LLC;2317228;;MK1013;Mikhailina Tatiana;MK1012 - CREATIVE AGENCIES SERVICES (STRATEGY, CREATION AND ORIGINATION FOR TRADITIONAL AND DIGITAL),MK1013 - DIGITAL MARKETING SERVICES,MK1014 - PRODUCTION AND ADAPTATION FOR TRADITIONAL (TV, RADIO, OOH, PRINT AND DIGITAL);RU;RU-RUSSIA
UFK in g. St. Petersburg (OFK 10,;2047486;;;;[];RU;[]
MM-Forum Group of Companies LLC;2256239;;;;[];RU;[]
OO ALTAVIA RUS;2254665;;CS5004;Yaremenko Natalia;CS5004 - OFFICE PRODUCTS,MK4001 - NON-PRINTED PROMOTIONAL & EDUCATION ITEMS,MK4003 - PRINTED PROMOTIONAL MATERIAL,MK4002 - PROMOTIONAL DISPLAYS & MERCHANDISING RELATED TO SALES;RU;RU-RUSSIA
AKSENCHER LLC;2287324;olga.borisova@ax-team.com;CS4005;Sviridova Irina;CS4004 - APPLICATIONS - IT RECURRING SERVICES,CS4005 - APPLICATIONS - IT SERVICES FOR PROJECTS;RU;RU-RUSSIA
Iris LLC;2285793;;;;[];RU;[]
ANO National Research;2323236;;;;[];RU;[]
DiscoveryMed LLC;2153933;;;;[];RU;[]
LLC Russian Society of Dermatove;2305988;;;;[];RU;[]
IP Shapovalyants S.A.;2300344;;;;CS2014 - LEARNING DESIGN, ADMINISTRATION & FACILITATION;RU;RU-RUSSIA
LLC Russian Gastroenterological;2230481;;;;[];RU;[]
IOO SOCIETY FOR THE STUDY OF PAIN;2333180;;;;[];RU;[]
Luxoft Professional LLC;2277855;Larabey@IBS.RU;MK1013;Mikhailina Tatiana;MK1013 - DIGITAL MARKETING SERVICES,CS4005 - APPLICATIONS - IT SERVICES FOR PROJECTS;RU;RU-RUSSIA
LLC TSOLLRU;2231373;a.andreev@ncpharm.ru;CD5008;Pakalo Grigroriy;CD5002 - SUBCONTRACTED DISTRIBUTION SERVICES FOR FINISHED GOODS,CD5008 - CUSTOM BROKERAGE FEES (FREIGHT);RU;RU-RUSSIA
INDEK LLC;2228563;angelkam@yandex.ru;MK2006;Mikhailina Tatiana;MK2006 - EXTERNAL - BOOTH & CONVENTIONS;RU;RU-RUSSIA
LLC Center of Scientific Advice;2301580;ivanyutina@csa.expert;RD1036;Pakalo Grigroriy;RD1036 - REGULATORY EXPERTS – INCLUDING QA AND QC;RU;RU-RUSSIA
Medforum, OOO;2072976;;;;[];RU;[]
Rusmedinfo LLC;2316821;;;;[];RU;[]
FEDERAL TREASURY DEPARTMENT MOSCOW;2025005;;CS2014;Fridrikh Maria;CS2014 - LEARNING DESIGN, ADMINISTRATION & FACILITATION;RU;RU-RUSSIA
(YC10) ГБУЗ ЦОСАП МЗ КБР;2316044;;;;[];RU;[]
Ankom LLC;2288885;v.akelin@anten.ru;CS4003;Sviridova Irina;CS4003 - HARDWARE;RU,UZ;RU-RUSSIA
ASSOCIATION OF DERMATOVENEROLOGISTS LTD.;2329330;;;;[];RU;[]
Rusudan Birkaia;2240156;rusudanbirkaia@gmail.com;CS5036;Yaremenko Natalia;CS5036 - TRANSLATION;RU;RU-RUSSIA
IE Euro-Asian Society for Information;2264228;;;;[];RU;[]
MDK LLC;2316841;;;;[];RU;[]
NP Health Partnership Centre;2236882;;;;[];RU;[]
LLC CMP and VL KAMKOR;2292657;;;;[];RU;[]
OOO Algimed;2332599;"a.khmelevskaya@algimed.ru; k.konstantinov@algimed.ru; e.kuzmenko@algimed.ru; s.klenysheva@algimed.ru";RD2002;Pakalo Grigroriy;RD2002 - LAB REAGENTS;RU;RU-RUSSIA
LLC TS Oncology;2283180;;;;[];RU;[]
Regional Public Organization;2244934;;;;[];RU;[]
АНО Ресурсный Центр Общественного З;2333634;;;;[];RU;[]
OSG Records Management LLC;2319846;t.eltsova@osgrm.com;CS5035;Yaremenko Natalia;CS5035 - RECORD MANAGEMENT SERVICES;KZ,RU;KZ-KAZAKHSTAN,RU-RUSSIA
eApteka Ltd.;2289056;;;;[];RU;[]
Retail Transport Engineering LLC;2297262;pmedvedev@rta-rus.com;CD5003;Pakalo Grigroriy;CD5003 - DOMESTIC TRANSPORTATION;RU;RU-RUSSIA
Lion Communications LLC;2045925;;MK1012;Mikhailina Tatiana;MK1014 - PRODUCTION AND ADAPTATION FOR TRADITIONAL (TV, RADIO, OOH, PRINT AND DIGITAL),MK1015 - COMMUNICATION AGENCIES PUBLIC RELATIONS AND PUBLIC AFFAIRS SERVICES,MK1013 - DIGITAL MARKETING SERVICES,MK1012 - CREATIVE AGENCIES SERVICES (STRATEGY, CREATION AND ORIGINATION FOR TRADITIONAL AND DIGITAL);RU;RU-RUSSIA
Ketchum Maslov LLC;2325656;anna.gorbel@maslov.agency;MK1015;Mikhailina Tatiana;MK1015 - COMMUNICATION AGENCIES PUBLIC RELATIONS AND PUBLIC AFFAIRS SERVICES,MK1012 - CREATIVE AGENCIES SERVICES (STRATEGY, CREATION AND ORIGINATION FOR TRADITIONAL AND DIGITAL),MK4001 - NON-PRINTED PROMOTIONAL & EDUCATION ITEMS;RU;RU-RUSSIA
FireBox Production;2305123;petr@firebox.pro;;;MK1004 - COPYRIGHT & USAGE RIGHTS BUYING;KZ,RU,UZ;KZ-KAZAKHSTAN
ANO Metabolic Center;2319891;;;;[];RU;[]
JSC Mari El-Pharmacy;2317160;korneva@ortat.ru;CD4003;Pakalo Grigroriy;CD4003 - PACKAGING SERVICES;RU;RU-RUSSIA
Intermark Group Inc. Company;2107400;R.Matyash@intermarkrelocation.com;CS2009;Fridrikh Maria;CS2009 - TRAVEL AGENCY,CS2017 - DOMESTIC & INTERNATIONAL EMPLOYEE RELOCATION SERVICES;RU;RU-RUSSIA
LLC VAC Tsaritsynskaya Yarmarka;2288493;;;;[];RU;[]
Manpower Training Center Ltd.;2323123;;CS2014;Fridrikh Maria;CS2014 - LEARNING DESIGN, ADMINISTRATION & FACILITATION;RU;RU-RUSSIA
MEDEXPOSERVICE LLC;2327670;;;;[];RU;[]
Kemerovo Regional Wall-wide;2239656;;;;[];RU;[]
Rigla Ltd.;2047562;;;;[];RU;[]
UP Novamedika;2155628;vladimir.golovko@novamedika.com;RD1050;Pakalo Grigroriy;CD5002 - SUBCONTRACTED DISTRIBUTION SERVICES FOR FINISHED GOODS,RD1050 - CLINICAL TRIAL DISTRIBUTION;RU;RU-RUSSIA
Assistant, OOO;2237430;;;;[];RU;[]
CRO LLC RODVK;2309067;;;;[];RU;[]
National Association of Experts in;2327078;;;;[];RU;[]
OSG Records Management Center LLC;2196578;a.kapitonov@osgrm.ru;CS5035;Yaremenko Natalia;CS5035 - RECORD MANAGEMENT SERVICES;RU;RU-RUSSIA
LLC RUSSIAN ASSOCIATION;2329706;;;;[];RU;[]
Teller LLC;2325462;alla@teller.studio;MK1013;Mikhailina Tatiana;MK1012 - CREATIVE AGENCIES SERVICES (STRATEGY, CREATION AND ORIGINATION FOR TRADITIONAL AND DIGITAL),MK1013 - DIGITAL MARKETING SERVICES,MK1014 - PRODUCTION AND ADAPTATION FOR TRADITIONAL (TV, RADIO, OOH, PRINT AND DIGITAL);RU;RU-RUSSIA
Julius Meinl Russland Ltd.;2283860;o.kalinkina@meinl-coffee.ru;CS5004;Yaremenko Natalia;CS5004 - OFFICE PRODUCTS,CS5005 - INTERNAL FOOD SERVICES;RU;RU-RUSSIA
ARS LLC;2318625;jsabadash@pharmrussia.com;RD1034;Pakalo Grigroriy;RD1034 - REGULATORY SERVICES OPERATIONS,CS4002 - SOFTWARE ON PREMISE;BY,RU;RU-RUSSIA
Union of Medical Workers of St. Petersburg and S Z region;2297263;;;;[];RU;[]
Asonova Dorina;2230696;;;;[];RU;[]
Daten Leben LLC;2327857;;CS5035;Yaremenko Natalia;CS5035 - RECORD MANAGEMENT SERVICES;KZ,RU;KZ-KAZAKHSTAN,RU-RUSSIA
PricewaterhouseCoopers Consul LLC;2298824;;CS2014;Fridrikh Maria;[];RU;[]
Lugaru Ltd.;2309613;;;;[];RU;[]
LLC CDK PR Bureau;2313357;;;;[];RU;[]
IBOE Skin and allergic diseases;2314839;;;;[];RU;[]
Med Congress LLC;2323125;;;;[];RU;[]
UFK in g. Moscow (FSAU NMIC Zdorov;2196042;info@nczd.ru;RD1030;Pakalo Grigroriy;RD1030 - MARKETED PRODUCT LAB DIAGNOSTICS,RD1041 - CENTRAL LABS & BIOREPOSITORIES;RU;RU-RUSSIA,KZ-KAZAKHSTAN
MBK LLC;2308985;;;;[];RU;[]
Intensive-Marketing LLC;2291348;fedorova.o@in10sive.ru;;;CS4004 - APPLICATIONS - IT RECURRING SERVICES;RU;RU-RUSSIA
VF Plaza-Expo LLC;2326903;;;;[];RU;[]
BGP Lithigation LLC;2271903;;CS6003;Yaremenko Natalia;CS6003 - LEGAL CONSULTING SERVICES;RU;RU-RUSSIA
Integral-Electron LLC;2213263;daria.tsvetkova@integral-ct.com;RD1033;Pakalo Grigroriy;RD1050 - CLINICAL TRIAL DISTRIBUTION,RD1033 - CLINICAL ANCILLARY SUPPLIES AND DEVICES;RU;RU-RUSSIA
LLC OP Elite Security;2111342;igor.rostovtsev@eshc.ru;CS5008;Yaremenko Natalia;CS5008 - SECURITY MANNED GUARDING AND RECEPTION SERVICES;RU;RU-RUSSIA
St. Petersburg NOE Center for the Study of Tick-borne;2262599;;;;[];RU;[]
Intersol East LLC;2313873;kazakova@socialist.pro;MK1015;Mikhailina Tatiana;MK1015 - COMMUNICATION AGENCIES PUBLIC RELATIONS AND PUBLIC AFFAIRS SERVICES;RU;RU-RUSSIA
ALFAMED LLC;2306362;;;;[];RU;[]
ООО ФАКТОР РОСТА;2333430;;;;[];RU;[]
ООО Фонд Нашего Будущего;2333457;;;;[];RU;[]
UTRACE LLC;2332570;signatkin@navicons.ru;CS4004;Sviridova Irina;CS4004 - APPLICATIONS - IT RECURRING SERVICES,MK3001 - MARKET RESEARCH SECONDARY (MARKET DATA AND SYNDICATED REPORTS);KZ,RU;RU-RUSSIA
JSC Pharmstandard Ufa vitaminny;2263995;ianzemlianskaia@pharmstd.ru;CD4008;Pakalo Grigroriy;CD4005 - QUALITY CONTROL SERVICES,MC3009 - WASTE MANAGEMENT,CD4008 - FINISHED PRODUCT TOLL,CD5003 - DOMESTIC TRANSPORTATION;RU;RU-RUSSIA
Vidox LLC;2060682;;;;[];RU;[]
Medial Ltd.;2297684;;;;[];RU;[]
Association of Hematologists;2331230;;;;[];RU;[]
Ural Press LLC Subscription;2287189;e_palekhina@ural-press.ru;CS5033;Yaremenko Natalia;CS5033 - SCIENTIFIC - SUBSCRIPTION, DATABASES, E-CONTENT, BOOKS AND GENERAL DOCS,CS5034 - NON SCIENTIFIC - SUBSCRIPTION, DATABASES, E-CONTENT, BOOKS AND GENERAL DOCS;RU;RU-RUSSIA
IP Talalaev Mikhail Alexandrovich;2331934;mihel.msk@gmail.com;CS5040;Yaremenko Natalia;CS5040 - SECURITY SYSTEMS AND EQUIPMENT;RU;RU-RUSSIA
ICIL Soft LLC;2326993;pavel.bazlov@icl-services.com;CS4004;Sviridova Irina;CS4004 - APPLICATIONS - IT RECURRING SERVICES,CS4005 - APPLICATIONS - IT SERVICES FOR PROJECTS,CS4010 - INFRASTRUCTURE - IT RECURRING SERVICES,CS4011 - INFRASTRUCTURE - IT SERVICES FOR PROJECTS,CS4002 - SOFTWARE ON PREMISE;RU;RU-RUSSIA
ANO Scientific Practical Center;2327183;;;;[];RU;[]
Petro-Travel Tourist LLC;2079472;;;;[];RU;[]
Non-profit organization of Russia;2106406;;;;[];RU;[]
Espreso Ltd.;2258576;;MK1015;Mikhailina Tatiana;CS2014 - LEARNING DESIGN, ADMINISTRATION & FACILITATION,MK1012 - CREATIVE AGENCIES SERVICES (STRATEGY, CREATION AND ORIGINATION FOR TRADITIONAL AND DIGITAL),MK1013 - DIGITAL MARKETING SERVICES,MK1015 - COMMUNICATION AGENCIES PUBLIC RELATIONS AND PUBLIC AFFAIRS SERVICES;RU;RU-RUSSIA
Anikina Maria;2326178;;;;[];RU;[]
Online Market Intelligence LLC;2285939;itrenda@omirussia.ru;MK3002;Mikhailina Tatiana;MK3002 - MARKET RESEARCH PRIMARY (AD HOC STUDIES);RU;RU-RUSSIA
Translation Management Technologies Ltd.;2304895;s.sergienko@awatera.com;CS5036;Yaremenko Natalia;CS5036 - TRANSLATION;RU;RU-RUSSIA
Pharmaceutical Center Znanie LLC;2323723;ekaterina.trubina@ru.pharma.global;MK5005;Mikhailina Tatiana;MK2008 - EXTERNAL EVENTS - DIGITAL PROVIDERS,MK5005 - MEDICAL COMMUNICATION;RU;RU-RUSSIA
MAR Consult LLC;2303531;novikov@marconsult.ru;MK3002;Mikhailina Tatiana;MK3002 - MARKET RESEARCH PRIMARY (AD HOC STUDIES),MK3001 - MARKET RESEARCH SECONDARY (MARKET DATA AND SYNDICATED REPORTS);RU;RU-RUSSIA
All-Russian National Union;2078670;;;;[];RU;[]
Dial Plus LLC;2309333;;;;[];RU;[]
Ageev Aleksandr Sergeevich;2316058;alexander.panov@bgplaw.com;CS6003;Yaremenko Natalia;CS6003 - LEGAL CONSULTING SERVICES;RU;RU-RUSSIA
International Business Center LLC;2150839;;;;[];RU;[]
JSC Xailos;2039479;;;;[];RU;[]
VIT Pharma LLC;2297599;dmitriy.klimchuk@witpharma.com;MK6003;Mikhailina Tatiana;MK6003 - MARKET ACCESS, PRICING & HEALTH ECONOMICS,MK3001 - MARKET RESEARCH SECONDARY (MARKET DATA AND SYNDICATED REPORTS);RU;RU-RUSSIA
Federal State Institution TsNIIOIZ of the Ministry of Health of Russia;2306055;;;;[];RU;[]
NRRO Support and Development;2246990;;;;[];RU;[]
Unistaff Peyrol Company LLC;2300342;J.Mukhina@unistaff.ru;CS6006;Fridrikh Maria;CS6006 - OUTSOURCED / SHARED SERVICES;RU;RU-RUSSIA
Expo Press Ltd.;2284838;;;;[];RU;[]
APTEKA LLC - A.V.E;2226000;;;;[];RU;[]
IP Kusainov A.A.;2322684;;CS6003;Yaremenko Natalia;[];KZ,RU;[]
Independent Laboratory LLC;2045826;iriznik@invitro.ru;MK3009;Mikhailina Tatiana;RD1041 - CENTRAL LABS & BIOREPOSITORIES,MK3009 - PATIENT SUPPORT PROGRAM PSP: PATIENTS CALL CENTERS, NURSES, EDUCATORS, SERVICE,TRANSACTIONAL PLATFORMS AND CO-PAY PROGRAMS,MK5003 - MEDICAL OPERATIONS SERVICES,RD1030 - MARKETED PRODUCT LAB DIAGNOSTICS,RD1033 - CLINICAL ANCILLARY SUPPLIES AND DEVICES;RU;RU-RUSSIA
Association of Young Medical;2314438;;;;[];RU;[]
LLC OMNI;2314170;;;;[];RU;[]
"JSC ""Freight Link""";2102867;;;;[];RU;[]
Association of Nephrologists;2293902;;;;[];RU;[]
SSSIFR LLC;2198778;;;;[];RU;[]
UP Novamedika, RB;2279449;vladimir.golovko@novamedika.com;RD2002;Pakalo Grigroriy;RD1035 - REGULATORY PRODUCT LIFE MAINTENANCE;BY,RU;BY-BELARUS
All-Russian Union of Public;2232568;;;;[];RU;[]
Volkova Inna Nikolaevna;2316010;;;;[];RU;[]
OMD Novus Ltd.;2326647;Maria.Khizhina@group-omd.com;MK1005;Mikhailina Tatiana;MK1005 - MEDIA BUYING AGENCY, MEDIA CONSULTANCY & MEDIA AUDIT FEES,MK1006 - MEDIA BUY TV,MK1017 - MEDIA BUY ONLINE/DIGITAL,MK1018 - MEDIA BUY PRINT & CONSUMER PROMOTIONS;RU;RU-RUSSIA
DT-Global Business Consulting GmbH;2188204;;;;[];RU;[]
All-Russian Public Organization;2072326;;;;[];RU;[]
Intelligent Programs Ltd.;2247700;skazin.kirill@ips-safety.com;CS5008;Yaremenko Natalia;CS5008 - SECURITY MANNED GUARDING AND RECEPTION SERVICES;RU;RU-RUSSIA
RIA Media Sphere LLC;2329333;;;;[];RU;[]
ANO DPO Center for Advanced Training;2288007;evd@hta-rus.ru;MK6003;Mikhailina Tatiana;MK6003 - MARKET ACCESS, PRICING & HEALTH ECONOMICS;RU;RU-RUSSIA
Center for Pharmacoeconomic Research Ltd.;2045622;;MK6003;Mikhailina Tatiana;MK6003 - MARKET ACCESS, PRICING & HEALTH ECONOMICS;RU;RU-RUSSIA
Complex Solutions LLC;2112454;;;;[];RU;[]
McKangn-Ericson Worldwide LLC;2320576;;MK1012;Mikhailina Tatiana;MK1012 - CREATIVE AGENCIES SERVICES (STRATEGY, CREATION AND ORIGINATION FOR TRADITIONAL AND DIGITAL),MK1013 - DIGITAL MARKETING SERVICES,MK1014 - PRODUCTION AND ADAPTATION FOR TRADITIONAL (TV, RADIO, OOH, PRINT AND DIGITAL);RU;RU-RUSSIA
Ankor regions, ZAO;2314193;;;;[];RU;[]
Association of pharmaceutical;2261911;;;;[];GE,RU;[]
Med Web LLC;2304983;;;;[];RU;[]
Apteka Service Plus LLC;2241275;;;;[];RU;[]
Askirko Pavel;2320964;;;;[];RU;[]
LLC Pi. Ar.- Technologies;2268008;;MK1015;Mikhailina Tatiana;MK1015 - COMMUNICATION AGENCIES PUBLIC RELATIONS AND PUBLIC AFFAIRS SERVICES;RU;RU-RUSSIA
KROO ARFFA;2331509;;;;[];RU;[]
MD-Group LLC;2329380;a.katrechko@marketingdivision.com;MK2009;Mikhailina Tatiana;MK2001 - EXTERNAL EVENTS - TECHNICAL PRODUCTION,MK2008 - EXTERNAL EVENTS - DIGITAL PROVIDERS,MK2009 - INTERNAL EVENTS - TECHNICAL PRODUCTION,MK2012 - INTERNAL EVENTS - HOTEL COSTS & CATERING,MK2013 - INTERNAL EVENTS - DIGITAL PROVIDERS,MK2014 - EXTERNAL EVENTS - HOTEL COSTS & CATERING;RU;RU-RUSSIA
ROO Association of Oncologists and Radiotherapists;2333025;;;;[];RU;[]
Credit Information Agency LLC;2080509;bpl@bpl.ru;CS5008;Yaremenko Natalia;CS5008 - SECURITY MANNED GUARDING AND RECEPTION SERVICES,CS5028 - SECURITY INVESTIGATIONS, COUNTERFEIT AND OTHER SECURITY SERVICES;RU;RU-RUSSIA
CJSC Business Intelligence;2302066;gilev@busint.ru;CS5008;Yaremenko Natalia;CS5008 - SECURITY MANNED GUARDING AND RECEPTION SERVICES,CS5028 - SECURITY INVESTIGATIONS, COUNTERFEIT AND OTHER SECURITY SERVICES;RU;RU-RUSSIA
MostService LLC;2299779;;;;[];RU;[]
Association of DPO OCCVMT;2295938;;;;[];RU;[]
IE OGIG North-West;2326690;;;;[];RU;[]
Non-Profit Organization Foundation;2243224;;;;[];RU;[]
LLC MC Navicon;2302879;sokulova@navicons.ru;CS4004;Sviridova Irina;CS4004 - APPLICATIONS - IT RECURRING SERVICES,CS4005 - APPLICATIONS - IT SERVICES FOR PROJECTS,CS4013 - INFRASTRUCTURE AS A SERVICE (IAAS, PAAS, CAAS);RU;RU-RUSSIA
Medakademiya LLC;2317695;;;;[];RU;[]
Atos IT Solutions & Services LLC;2305636;info.it-solutions.ru@atos.net;CS4004;Sviridova Irina;CS4004 - APPLICATIONS - IT RECURRING SERVICES,CS4005 - APPLICATIONS - IT SERVICES FOR PROJECTS;RU;RU-RUSSIA
LLC Berezhnaya apteka Aprel;2301656;;;;[];RU;[]
JSC KPMG;2228850;anna.burdukova@digitalizm.com;CS6004;Yaremenko Natalia;CS6004 - COMPLIANCE AND FISCAL CONSULTING SERVICES;RU;RU-RUSSIA
Liga Trans Logistics LLC;2196843;e.tuzhilkina@ltl-group.ru;CD5003;Pakalo Grigroriy;CD5003 - DOMESTIC TRANSPORTATION;RU;RU-RUSSIA
Congressline Ltd.;2328022;;;;[];RU;[]
Xerox LLC (CIS);2025089;Ivan.Sokolov@xerox.com;CS4012;Sviridova Irina;CS4012 - HARDWARE MAINTENANCE,CS4003 - HARDWARE;RU;RU-RUSSIA
Russian Association;2077595;;;;[];RU;[]
ANKOR FinTech LLC;2299016;y.istomina@ancor.ru;CS2022;Fridrikh Maria;CS2022 - MANAGED SERVICES & ALL PMO (EXCLUDING CAPEX, DIGITAL AND R&D), USING STANDARD EBUY PROCESS,CS6006 - OUTSOURCED / SHARED SERVICES;RU;RU-RUSSIA
Nanolek LLC;2264669;;;;[];RU;[]
MEDINVEST LLC;2198281;tkv@minvest.spb.ru;MK6003;Mikhailina Tatiana;MK3001 - MARKET RESEARCH SECONDARY (MARKET DATA AND SYNDICATED REPORTS),MK6003 - MARKET ACCESS, PRICING & HEALTH ECONOMICS;RU;RU-RUSSIA
MOA Association of Clinical Pharmaco;2306049;;;;[];RU;[]
Hotline City LLC;2313874;hotline@hotline.city;CS5008;Yaremenko Natalia;CS5008 - SECURITY MANNED GUARDING AND RECEPTION SERVICES,CS5028 - SECURITY INVESTIGATIONS, COUNTERFEIT AND OTHER SECURITY SERVICES;RU;RU-RUSSIA
IP Shubin Konstantin Sergeevich;2318919;shubin.ks@gmail.com;CS2014;Fridrikh Maria;[];RU;[]
AIKYUVIA Solutions LLC;2056478;olga.natochina@iqvia.com;MK3001;Mikhailina Tatiana;MK3001 - MARKET RESEARCH SECONDARY (MARKET DATA AND SYNDICATED REPORTS),MK3002 - MARKET RESEARCH PRIMARY (AD HOC STUDIES);RU;RU-RUSSIA
Redday Ltd.;2296470;varvara@redday.ec;MK2003;Mikhailina Tatiana;MK2001 - EXTERNAL EVENTS - TECHNICAL PRODUCTION,MK2008 - EXTERNAL EVENTS - DIGITAL PROVIDERS,MK2009 - INTERNAL EVENTS - TECHNICAL PRODUCTION,MK2012 - INTERNAL EVENTS - HOTEL COSTS & CATERING,MK2013 - INTERNAL EVENTS - DIGITAL PROVIDERS,MK2014 - EXTERNAL EVENTS - HOTEL COSTS & CATERING;RU;RU-RUSSIA
PharmProgress Ltd.;2273434;;;;CD4008 - FINISHED PRODUCT TOLL,CD2003 - PHARMACEUTICAL ACTIVE NON LICENSED,CD4001 - FINISHED PRODUCTS FULL SERVICES,CD4011 - FINISHED PRODUCTS UNDER LICENCE;RU;RU-RUSSIA
EOS Medical Center LLC;2327885;;;;[];RU;[]
CB Richard Ellis LLC;2296159;ekaterina.chichek@core-xp.ru;CS5023;Fridrikh Maria;CS5031 - REAL ESTATE SERVICES,CS5023 - WORKPLACE DESIGN, FIT-OUT AND SERVICES;RU;RU-RUSSIA
Security Option Ltd.;2327983;andrey@variantbezopasnosti.ru;CS5040;Yaremenko Natalia;CS5025 - BUILDING MAINTENANCE FOR TERTIARY SITES,CS5040 - SECURITY SYSTEMS AND EQUIPMENT;RU;RU-RUSSIA
Foundation for the Development of Medical Technologists;2332458;;;;[];RU;[]
Association of Oncologists and Radiotherapists;2332465;;;;[];RU;[]
Expert Center SOUT LLC;2292720;sidorov@esout.ru;CS5008;Yaremenko Natalia;CS5028 - SECURITY INVESTIGATIONS, COUNTERFEIT AND OTHER SECURITY SERVICES;RU;RU-RUSSIA
Modum Lab Ltd.;2317821;ek@modumlab.com;CS2014;Fridrikh Maria;CS2014 - LEARNING DESIGN, ADMINISTRATION & FACILITATION;RU;RU-RUSSIA
INVITRO Holding Standard LLC;2307519;oshvecz@invitro.ru;MK5003;Mikhailina Tatiana;MK3009 - PATIENT SUPPORT PROGRAM PSP: PATIENTS CALL CENTERS, NURSES, EDUCATORS, SERVICE,TRANSACTIONAL PLATFORMS AND CO-PAY PROGRAMS;RU;RU-RUSSIA
SBL-Pharma LLC;2308146;sbl-pharma@sbl-pharma.ru;MK6002;Mikhailina Tatiana;MK6002 - EXTERNAL SALES FORCE;RU;RU-RUSSIA
NEC LLC;2311936;saxarova@eco-nec.com;MC3009;Levin Sergey;MC3009 - WASTE MANAGEMENT;RU;RU-RUSSIA
Agency for the Protection of Intelligence LLC;2035400;;;;[];RU;[]
LLC TK Rusta Broker;2265608;o.anikeeva@logic-link.ru;CD5008;Pakalo Grigroriy;CD5008 - CUSTOM BROKERAGE FEES (FREIGHT),CD5002 - SUBCONTRACTED DISTRIBUTION SERVICES FOR FINISHED GOODS;RU;RU-RUSSIA
Arkova Elena;2296673;;;;[];RU;[]
Foundation for International Innovations;2329145;;;;[];RU;[]
Anchikova Ekaterina;2102959;levakin@apivg.ru;CS5033;Yaremenko Natalia;CS4006 - SOFTWARE MAINTENANCE ON PREMISE,CS5034 - NON SCIENTIFIC - SUBSCRIPTION, DATABASES, E-CONTENT, BOOKS AND GENERAL DOCS;RU;RU-RUSSIA
Orange Business Services LLC;2123738;vera.zhevnina@orange.com;CS4013;Sviridova Irina;CS4010 - INFRASTRUCTURE - IT RECURRING SERVICES,CS4015 - SOFTWARE AS A SERVICE (SAAS),CS4013 - INFRASTRUCTURE AS A SERVICE (IAAS, PAAS, CAAS),CS4016 - TELECOM;RU;RU-RUSSIA
ADECCO GROUP AG;OF0002389;;MC3009;Levin Sergey;;;
ADVERTISING AGENCY RE MEDIA LTD.;2077616;eleeva@ra-remedia.ru;MK4004;Mikhailina Tatiana;;;
AI BI SI NANOTEX LLC;OF0002661;;CS5006;Yaremenko Natalia;;;
AKTSIONERNOE OBSHCHESTVO ANKOR;2230990;rodimushkina@ancor.ru;CS2015;Fridrikh Maria;;;
ALLIANZ SE;2283949;Elena.Musina@zettains.ru;CS2018;Fridrikh Maria;;;
ALLIANZ SE;OF0002689;Elena.Musina@zettains.ru;CS2018;Fridrikh Maria;;;
ALPHA-LAB COMPANY, LLC;OF0001841;;CS5006;Yaremenko Natalia;;;
AM LAW FIRM LLC;2315010;;CS6003;Yaremenko Natalia;;;
ANALYTICAL COMPANY LTD.;2239885;yla@rncph.ru;MK3001;Mikhailina Tatiana;;;
ANTITRUST CONSULTING LLC;2203176;;CS6003;Yaremenko Natalia;;;
AQUAKHROM LLC;OF0002537;;RD2007;Pakalo Grigroriy;;;
AR PACKAGING, JSC;OF0003198;;CD3001;Levin Sergey;;;
AUTOKAR LLC;OF0001012;;MC2002;Levin Sergey;;;
BECTON, DICKINSON AND COMPANY;2307701;;CD3028;Levin Sergey;;;
BELLON;OF0003226;;CS5006;Yaremenko Natalia;;;
BIOCARD LOGISTICS LLC;2286744;;CD5003;Pakalo Grigroriy;;;
BIOMERIE RUS LLC;OF0001616;;RD2002;Pakalo Grigroriy;;;
BOLLORE PARTICIPATIONS;2111857;;MK1013;Mikhailina Tatiana;;;
CAT, OOH;OF0001899;;MC2002;Levin Sergey;;;
CENTER FOR EXEMINATIONS AND TESTS I;2279371;;RD1035;Pakalo Grigroriy;;;
COMPLIANCE AND DEVELOPMENT AGENCY LLC;2255042;bd@complianceagency.org;MK1015;Mikhailina Tatiana;;;
CompressorSpetsMash-57, LLC;OF0003308;;MC2004;Levin Sergey;;;
COMPUTACENTER PLC;11020712;;CS4003;Sviridova Irina;;;
CONTINENT EXPRESS;2325797;;CD5008;Pakalo Grigroriy;;;
Convent, LLC;OF0003134;;MC1033;Levin Sergey;;;
COREX LLC;OF0003289;;CD5006;Pakalo Grigroriy;;;
DESA-PLUS LLC;OF0002269;;MC3007;Levin Sergey;;;
DEUTSCHE POST AG;2024925;;CD5011;Pakalo Grigroriy;;;
DEUTSCHE POST AG;2098833;;CD5003;Pakalo Grigroriy;;;
DEUTSCHE POST AG;2103849;;CD5003;Pakalo Grigroriy;;;
DEUTSCHE POST AG;OF0000298;;CD5011;Pakalo Grigroriy;;;
Diamas Laboratory, LLC;OF0001644;;RD2007;Pakalo Grigroriy;;;
DOMINANTASERVICE;2303079;;CD5002;Pakalo Grigroriy;;;
DONAU CHEMIE AKTIENGESELLSCHAFT;OF0002320;;RD2007;Pakalo Grigroriy;;;
ECOWASTE GROUP;OF0003203;;MC3009;Levin Sergey;;;
ELEKTROSVET, TH LLC;OF0000750;;MC2005;Levin Sergey;;;
ERNST & YOUNG AUDIT & ASSOCIADOS - SROC, S.A.;OF0001720;;CS6002;Yaremenko Natalia;;;
Express Broker, LLC;OF0003186;;CD5008;Pakalo Grigroriy;;;
FARMOBORONA LTD.;2255014;;RD1035;Pakalo Grigroriy;;;
FARMOBORONA LTD.;OF0002029;;RD2019;Pakalo Grigroriy;;;
FBU Rostest-Moscow;197;;MC2002;Levin Sergey;;;
FEDEGARI AUTOCLAVI - S.P.A.;OF0003196;;MC2004;Levin Sergey;;;
Federal Budgetary Institution Tula TsSM;OF0003205;;MC2002;Levin Sergey;;;
"FGUP ""VNIIM  D.I. Mendeleev""";OF0001636;;MC2002;Levin Sergey;;;
FIBA BETEILIGUNGS- UND ANLAGE GMBH;OF0001207;;MC2002;Levin Sergey;;;
FLEET TIME LLC;2226727;;CS5008;Yaremenko Natalia;;;
GALA-TRADE LLC;OF0002609;;RD2002;Pakalo Grigroriy;;;
Garant Med, LLC;OF0003272;;MC3009;Levin Sergey;;;
GAZPROM JSC;OF0000015;;MC3004;Levin Sergey;;;
Glavholod, LLC;OF0002503;;MC2014;Levin Sergey;;;
Gluvex, LLC;OF0003310;;RD2009;Pakalo Grigroriy;;;
GRAND OOO;OF0000110;;CS5032;Yaremenko Natalia;;;
GRAND OOO;OF0000313;;CS5008;Yaremenko Natalia;;;
HEADWAY CONSULT LLC;2285481;;MK3001;Mikhailina Tatiana;;;
HEDVEY COMPANY LLC;2240153;a_chubinidze@hwcompany.ru;MK3001;Mikhailina Tatiana;;;
INDUSTRY-SERVICE TC LLC;OF0002963;;MC2004;Levin Sergey;;;
Ingo Group;2024955;dmitry.berezovsky@ingos.ru;CS6010;Fridrikh Maria;;;
Ingo Group;OF0002105;dmitry.berezovsky@ingos.ru;CS6008;Fridrikh Maria;;;
INTER RAO - Orlovsky Energy Distribution LLC;OF0002293;;MC3001;Levin Sergey;;;
IP CHERNYSHOV ARTEM VYACHESLAVOVICH;2242907;tomyoga@yandex.ru;CS2018;Fridrikh Maria;;;
IP KRASOV ANDREY GEORGIEVICH;OF0000919;;MC2005;Levin Sergey;;;
IRON MOUNTAIN INC;OF0003191;;CS5035;Yaremenko Natalia;;;
ITF MOTORS LLC;2311967;a.deev@ibf-motors.ru;CS2006;Fridrikh Maria;;;
K P M G;2331694;;CS5033;Yaremenko Natalia;;;
KHIM-STAR LLC;OF0003227;;CS5006;Yaremenko Natalia;;;
KOHLBERG AND MUBADALA;OF0001867;;CD3025;Levin Sergey;;;
KOMUS LLC;OF0003295;;CS5004;Yaremenko Natalia;;;
LABORATORY OF TECHNOLOGICAL CLOTHIN;OF0002192;;CS5042;Yaremenko Natalia;;;
LagronMed, LLC;OF0003194;;RD2007;Pakalo Grigroriy;;;
LAVERNA XXI VEK;OF0001112;;RD2022;Pakalo Grigroriy;;;
LGC PROMOCHEM;2096230;;RD2002;Pakalo Grigroriy;;;
Liftremont, LLC;OF0000697;;MC2002;Levin Sergey;;;
LIGAND RESEARCH LLC;2155049;;RD1044;Pakalo Grigroriy;;;
LLC NEVIS MARKETING MEDIA GROUP;2054436;;CD4001;Pakalo Grigroriy;;;
LLC Riviera Legal;2330829;;CS6003;Yaremenko Natalia;;;
Low Energy - OOO Service;OF0002598;;MC2002;Levin Sergey;;;
LUNDA, OOO;OF0003231;;MC2004;Levin Sergey;;;
LycoSvet, LLC;OF0003250;;MC2007;Levin Sergey;;;
Major Cargo Service, LLC;OF0003217;;CD5006;Pakalo Grigroriy;;;
MAJOR ENGINEERING, LLC;OF0003286;;CD6002;Levin Sergey;;;
MAJOR TERMINAL;2157563;;CD5003;Pakalo Grigroriy;;;
MASTERFIBER TSENTR LLC;OF0002542;;MC2014;Levin Sergey;;;
MASTERKLEY LLC;OF0003176;;CD6002;Levin Sergey;;;
MERCK KGAA;OF0003247;;RD2022;Pakalo Grigroriy;;;
METTLER TOLEDO INTERNATIONAL INC;OF0000547;;MC2002;Levin Sergey;;;
MILLAB, OOO;OF0000511;;RD2008;Pakalo Grigroriy;;;
MR OLEG EVGENYEVICH YACHNIK;2104462;;CS6009;Fridrikh Maria;;;
NADIR+, OOH;OF0003059;;MC1009;Levin Sergey;;;
Newest Technologies LS, LLC;OF0002036;;MC2002;Levin Sergey;;;
NPO ECO-INTEKH LLC;OF0002401;;MC2002;Levin Sergey;;;
O PLYUS K-MARKETING PLYUS CONSULTING;2286352;Oleg@okresearch.ru;MK3002;Mikhailina Tatiana;;;
OOO ЭППА европейские консультанты;2273621;olga.khmeleva@eppa.ru;MK6003;Mikhailina Tatiana;;;
Operator-TSRPT, LLC;OF0003169;;MC1025;Levin Sergey;;;
PEREDOVYE PLATEZHNYE RESCHENIYA;2186216;;CS2021;Fridrikh Maria;;;
PEREDOVYE PLATEZHNYE RESCHENIYA;OF0002704;;CS2001;Fridrikh Maria;;;
PestControlStandard LLC;OF0003034;;CS5006;Yaremenko Natalia;;;
PHARM2B RUS, LLC;OF0002673;;MC2009;Levin Sergey;;;
PJSC MOBILE TELESYSTEMS;2182384;;CS4016;Sviridova Irina;;;
PJSC MOBILE TELESYSTEMS;OF0000278;;CS4016;Sviridova Irina;;;
PJSC VIMPELCOM;2145646;;CS4017;Sviridova Irina;;;
PJSC VIMPELCOM;OF0000013;;CS4016;Sviridova Irina;;;
Premium Standard LLC;OF0003218;;CD3001;Levin Sergey;;;
PROMIS JSC;OF0001465;;CD3004;Levin Sergey;;;
PROMUPAKOVKA, LLC;OF0003199;;CD3002;Levin Sergey;;;
RADARE LLC;2337163;arthur.klepikov@radare.ru;MK4003;Mikhailina Tatiana;;;
SAINZ LLC;OF0003248;;RD2002;Pakalo Grigroriy;;;
SARL MALESHERBES AUTOTECH;11042407;;CS2021;Fridrikh Maria;;;
SARTORIUS AG;OF0002595;;MC2009;Levin Sergey;;;
Sinera LLC;OF0003098;;MC2002;Levin Sergey;;;
SISLINK;2311293;;CS4004;Sviridova Irina;;;
SOCIÉTÉ GÉNÉRALE SA;OF0002717;dmitry.drozhzhin@expomobility.com;CS2021;Fridrikh Maria;;;
Soctrade Service LLC;OF0002643;;RD2007;Pakalo Grigroriy;;;
SOFTLINE GROUP INC.;2037356;;CS4003;Sviridova Irina;;;
SOFTLINE GROUP INC.;2189887;;CS4003;Sviridova Irina;;;
SPIRAX-SARCO ENGINEERING PLC;OF0002206;;CD6002;Levin Sergey;;;
SPO FSUE ANALYTICAL INSTRUMENT;OF0002371;;MC2002;Levin Sergey;;;
STRANDIVE TRADING LIMITED;2281859;;CS5024;Fridrikh Maria;;;
TALENTBURST;OF0000490;;MC1019;Levin Sergey;;;
TECHVODPROEKT LLC;OF0003047;;MC2002;Levin Sergey;;;
TK ELITE AUTO LLC;2283451;a.deev@ibf-motors.ru;CS2006;Fridrikh Maria;;;
TOO OSG REKORDS MANAGEMENT;2262353;;CS5035;Yaremenko Natalia;;;
TORGOVY DOM PT LLC;OF0002626;;CD5004;Pakalo Grigroriy;;;
TORGOVYI DOM KHIMMED;OF0002210;;CD2004;Levin Sergey;;;
TOVARISH. S OGRANICHENNOI OTVETSTVENNOSTYU;2196527;Mariya.Chapash@aeroclub.ru;CS2009;Fridrikh Maria;;;
TOVARISH. S OGRANICHENNOI OTVETSTVENNOSTYU;OF0002665;Mariya.Chapash@aeroclub.ru;CS2009;Fridrikh Maria;;;
UFPS of Orlov Region;OF0003133;;CD5011;Pakalo Grigroriy;;;
UNITED PARCEL SERVICE INC;11017190;;RD1050;Pakalo Grigroriy;;;
Ventra Services CIS Limited Liability Company;OF0003290;i.rimmer@ventra.ru;CS2015;Fridrikh Maria;;;
VNIIFTRI FSUE;OF0001364;;MC2002;Levin Sergey;;;
VOSTOK POST, LLC;OF0003318;;RD2007;Pakalo Grigroriy;;;
Vostok-Spetsodezhda, LLC;OF0003263;;CS5042;Yaremenko Natalia;;;
WEST PHARMACEUTICAL SERVICES, INC.;OF0002201;;CD3028;Levin Sergey;;;
АО Информационное агентство;2334463;;CS5034;Yaremenko Natalia;;;
АО Компания развития общественных с;2264494;Aleksey Kalenov <kalenov@cros.ru>;MK1015;Mikhailina Tatiana;;;
АО Юникон Бизнес Сервис;2287758;;CS5008;Yaremenko Natalia;;;
Зеленая Роща УК ООО;OF0003040;;MC3009;Levin Sergey;;;
ИП Синицын Леонид Юрьевич;2333404;;MC3009;Levin Sergey;;;
ООО Адвайзерская Группа ВОЕНКОМ;2337124;info@voenkom.ru;CS6006;Fridrikh Maria;;;
ООО Адвентум Консалтинг;2301018;Позднякова Марина <m.pozdnyakova@adventum.ru>;MK1017;Mikhailina Tatiana;;;
ООО Альфа Ресеч и Маркетинг;2313681;;MK3001;Mikhailina Tatiana;;;
ООО АсстрА Рус;2245805;;CD5003;Pakalo Grigroriy;;;
ООО БЕСТ БЕНЕФИТС;2334023;v.petrukhina@bestbenefits.ru;CS2018;Fridrikh Maria;;;
ООО Верба Лигал;2336519;;CS6003;Yaremenko Natalia;;;
ООО ВЛМ Групп;2315488;Tatiana Voronina <t.voronina@vlmgroup.ru>;MK3004;Mikhailina Tatiana;;;
ООО ВМЕСТЕ;2328999;;MK3004;Mikhailina Tatiana;;;
ООО ГИФТЕРИ.РУ;2337909;dm@giftery.ru;CS2018;Fridrikh Maria;;;
ООО ГРИЭЙТИВ;2334741;marie.tivtikyan@greative.pro;MK1015;Mikhailina Tatiana;;;
ООО Здоровье Города;2324016;Эрик Бровко <brovko@zdorgor.ru>;MK1013;Mikhailina Tatiana;;;
ООО Интеллектуальные социальные;2313257;s.fattakhova@mozlab.ru;CS2001;Fridrikh Maria;;;
ООО Интермарк Релокация;2335575;R.Matyash@intermarkrelocation.com;CS2017;Fridrikh Maria;;;
ООО ИНТЕРСИТИ СЕРВИС;2334388;;MK2012;Mikhailina Tatiana;;;
ООО КАРБОН ЗИРО;2337338;;MC3001;Levin Sergey;;;
ООО КИП-ЛЕГАЛТЕХ;2328841;;CS5028;Yaremenko Natalia;;;
ООО Климовская Сеть;2312803;;CS4017;Sviridova Irina;;;
ООО Консалтинговый центр 223;2056042;;CD4008;Pakalo Grigroriy;;;
ООО Медклуб;2329120;Сергей Тюлюпин <sergey.tyulyupin@med-club.ru>;MK1013;Mikhailina Tatiana;;;
ООО Ориён фарм;2332415;;RD1034;Pakalo Grigroriy;;;
ООО Палиндром;2333239;;MK1013;Mikhailina Tatiana;;;
ООО СЕЛЛАУТ ПЛЮС;2323086;;CS4011;Sviridova Irina;;;
ООО СОЗВЕЗДИЕ;2329975;;CD4001;Pakalo Grigroriy;;;
ООО СТОУНБРИДЖ ЛИГАЛ;2337553;;CS6003;Yaremenko Natalia;;;
ООО Экспомобилити;2072655;dmitry.drozhzhin@expomobility.com;CS2021;Fridrikh Maria;;;
ООО Юридическая фирма Городисский и;2059921;;CS6003;Yaremenko Natalia;;;
